schema	type
public	_activities
public	_activity_participants
public	_activity_revenue
public	_activity_slots
public	_blocked_users
public	_business_stats
public	_conversation_participants
public	_conversations
public	_conversations_with_last_message
public	_cube
public	_earth
public	_friend_requests
public	_friend_requests_with_profiles
public	_friends_with_profiles
public	_friendships
public	_gtrgm
public	_messages
public	_met_people_hidden
public	_profiles
public	_reports
public	_reviews
public	_slot_group_members
public	_slot_groups
public	_slot_groups_backup
public	_slot_participants
public	_v_slow_queries
public	activities
public	activity_participants
public	activity_revenue
public	activity_slots
public	blocked_users
public	business_stats
public	conversation_participants
public	conversations
public	conversations_with_last_message
public	cube
public	earth
public	friend_requests
public	friend_requests_with_profiles
public	friends_with_profiles
public	friendships
public	gtrgm
public	messages
public	met_people_hidden
public	profiles
public	reports
public	reviews
public	slot_group_members
public	slot_groups
public	slot_groups_backup
public	slot_participants
public	v_slow_queries
(52 rows)
